Country,SalesAmount
United Kingdom,13278149.477
EIRE,570962.01
Netherlands,528043.78
Germany,430386.461
France,336936.16
Australia,157136.71
Switzerland,99515.34
Spain,97936.62
Sweden,87424.04
Belgium,64244.77
Portugal,54801.340000000004
Denmark,51563.79
Norway,46193.28
Channel Islands,44111.76
Japan,34179.59
Italy,32550.420000000002
Finland,29925.54
Cyprus,24980.13
Austria,23613.010000000002
Greece,19096.19
