rmse,mape,r2,accuracy_pct
31522.291332862234,11.884106524786025,-0.7475948650008575,88.11589347521398
