rmse,mape,r2,accuracy_pct
17465.12880419342,27.540451592447095,0.4649097486116631,72.4595484075529
