rmse,mape,r2,accuracy_pct
67960.34390213381,21.207404383395776,-5.631209083401032,78.79259561660422
