rmse,mape,r2,accuracy_pct
75539.59551671498,22.790339180689607,-7.192772508560177,77.20966081931039
