rmse,mape,r2,accuracy_pct
49848.09222035772,20.042259714421395,-3.370209797265561,79.95774028557861
