rmse,mape,r2,accuracy_pct,prev4_total,last4_total,next4_total_lstm,pct_last_vs_prev,pct_next_vs_last
38602.675393926205,14.879613780639882,-1.6193893660347527,85.12038621936011,934904.34,951312.37,1095364.5,1.7550490780693164,15.142463668374248
